{
  "resourceType": "ValueSet",
  "status": "active",
  "compose": {
      "include": [
          {
              "system": "http://uk-koeln.de/fhir/CodeSystem/nngm/countrycodes"
          }
      ]
  },
  "expansion": {
      "identifier": "7bd30b34-b3e9-4e56-ab3f-30fe442b5ee4",
      "timestamp": "2020-10-13T08:54:41+00:00",
      "total": 251,
      "contains": [
          {
              "system": "http://uk-koeln.de/fhir/CodeSystem/nngm/countrycodes",
              "code": "ALB",
              "display": "Albanien"
          },
          {
              "system": "http://uk-koeln.de/fhir/CodeSystem/nngm/countrycodes",
              "code": "DZA",
              "display": "Algerien"
          },
          {
              "system": "http://uk-koeln.de/fhir/CodeSystem/nngm/countrycodes",
              "code": "ASM",
              "display": "Amerikanisch-Samoa"
          },
          {
              "system": "http://uk-koeln.de/fhir/CodeSystem/nngm/countrycodes",
              "code": "VIR",
              "display": "Amerikanische Jungferninseln"
          },
          {
              "system": "http://uk-koeln.de/fhir/CodeSystem/nngm/countrycodes",
              "code": "AND",
              "display": "Andorra"
          },
          {
              "system": "http://uk-koeln.de/fhir/CodeSystem/nngm/countrycodes",
              "code": "AGO",
              "display": "Angola"
          },
          {
              "system": "http://uk-koeln.de/fhir/CodeSystem/nngm/countrycodes",
              "code": "AIA",
              "display": "Anguilla"
          },
          {
              "system": "http://uk-koeln.de/fhir/CodeSystem/nngm/countrycodes",
              "code": "ATA",
              "display": "Antarktika"
          },
          {
              "system": "http://uk-koeln.de/fhir/CodeSystem/nngm/countrycodes",
              "code": "ATG",
              "display": "Antigua und Barbuda"
          },
          {
              "system": "http://uk-koeln.de/fhir/CodeSystem/nngm/countrycodes",
              "code": "GNQ",
              "display": "Äquatorialguinea"
          },
          {
              "system": "http://uk-koeln.de/fhir/CodeSystem/nngm/countrycodes",
              "code": "ARG",
              "display": "Argentinien"
          },
          {
              "system": "http://uk-koeln.de/fhir/CodeSystem/nngm/countrycodes",
              "code": "ARM",
              "display": "Armenien"
          },
          {
              "system": "http://uk-koeln.de/fhir/CodeSystem/nngm/countrycodes",
              "code": "ABW",
              "display": "Aruba"
          },
          {
              "system": "http://uk-koeln.de/fhir/CodeSystem/nngm/countrycodes",
              "code": "ASC",
              "display": "Ascension"
          },
          {
              "system": "http://uk-koeln.de/fhir/CodeSystem/nngm/countrycodes",
              "code": "AZE",
              "display": "Aserbaidschan"
          },
          {
              "system": "http://uk-koeln.de/fhir/CodeSystem/nngm/countrycodes",
              "code": "ETH",
              "display": "Äthiopien"
          },
          {
              "system": "http://uk-koeln.de/fhir/CodeSystem/nngm/countrycodes",
              "code": "AUS",
              "display": "Australien"
          },
          {
              "system": "http://uk-koeln.de/fhir/CodeSystem/nngm/countrycodes",
              "code": "BHS",
              "display": "Bahamas"
          },
          {
              "system": "http://uk-koeln.de/fhir/CodeSystem/nngm/countrycodes",
              "code": "BHR",
              "display": "Bahrain"
          },
          {
              "system": "http://uk-koeln.de/fhir/CodeSystem/nngm/countrycodes",
              "code": "BGD",
              "display": "Bangladesch"
          },
          {
              "system": "http://uk-koeln.de/fhir/CodeSystem/nngm/countrycodes",
              "code": "BRB",
              "display": "Barbados"
          },
          {
              "system": "http://uk-koeln.de/fhir/CodeSystem/nngm/countrycodes",
              "code": "BLR",
              "display": "Belarus (Weißrussland)"
          },
          {
              "system": "http://uk-koeln.de/fhir/CodeSystem/nngm/countrycodes",
              "code": "BEL",
              "display": "Belgien"
          },
          {
              "system": "http://uk-koeln.de/fhir/CodeSystem/nngm/countrycodes",
              "code": "BLZ",
              "display": "Belize"
          },
          {
              "system": "http://uk-koeln.de/fhir/CodeSystem/nngm/countrycodes",
              "code": "BEN",
              "display": "Benin"
          },
          {
              "system": "http://uk-koeln.de/fhir/CodeSystem/nngm/countrycodes",
              "code": "BMU",
              "display": "Bermuda"
          },
          {
              "system": "http://uk-koeln.de/fhir/CodeSystem/nngm/countrycodes",
              "code": "BTN",
              "display": "Bhutan"
          },
          {
              "system": "http://uk-koeln.de/fhir/CodeSystem/nngm/countrycodes",
              "code": "BOL",
              "display": "Bolivien"
          },
          {
              "system": "http://uk-koeln.de/fhir/CodeSystem/nngm/countrycodes",
              "code": "BES",
              "display": "Bonaire"
          },
          {
              "system": "http://uk-koeln.de/fhir/CodeSystem/nngm/countrycodes",
              "code": "BIH",
              "display": "Bosnien und Herzegowina"
          },
          {
              "system": "http://uk-koeln.de/fhir/CodeSystem/nngm/countrycodes",
              "code": "BWA",
              "display": "Botswana"
          },
          {
              "system": "http://uk-koeln.de/fhir/CodeSystem/nngm/countrycodes",
              "code": "BVT",
              "display": "Bouvetinsel"
          },
          {
              "system": "http://uk-koeln.de/fhir/CodeSystem/nngm/countrycodes",
              "code": "BRA",
              "display": "Brasilien"
          },
          {
              "system": "http://uk-koeln.de/fhir/CodeSystem/nngm/countrycodes",
              "code": "VGB",
              "display": "Britische Jungferninseln"
          },
          {
              "system": "http://uk-koeln.de/fhir/CodeSystem/nngm/countrycodes",
              "code": "IOT",
              "display": "Britisches Territorium im Indischen Ozean"
          },
          {
              "system": "http://uk-koeln.de/fhir/CodeSystem/nngm/countrycodes",
              "code": "BRN",
              "display": "Brunei Darussalam"
          },
          {
              "system": "http://uk-koeln.de/fhir/CodeSystem/nngm/countrycodes",
              "code": "BGR",
              "display": "Bulgarien"
          },
          {
              "system": "http://uk-koeln.de/fhir/CodeSystem/nngm/countrycodes",
              "code": "BFA",
              "display": "Burkina Faso"
          },
          {
              "system": "http://uk-koeln.de/fhir/CodeSystem/nngm/countrycodes",
              "code": "BDI",
              "display": "Burundi"
          },
          {
              "system": "http://uk-koeln.de/fhir/CodeSystem/nngm/countrycodes",
              "code": "CHL",
              "display": "Chile"
          },
          {
              "system": "http://uk-koeln.de/fhir/CodeSystem/nngm/countrycodes",
              "code": "CHN",
              "display": "China"
          },
          {
              "system": "http://uk-koeln.de/fhir/CodeSystem/nngm/countrycodes",
              "code": "CPT",
              "display": "Clipperton (reserviert für ITU)"
          },
          {
              "system": "http://uk-koeln.de/fhir/CodeSystem/nngm/countrycodes",
              "code": "COK",
              "display": "Cookinseln"
          },
          {
              "system": "http://uk-koeln.de/fhir/CodeSystem/nngm/countrycodes",
              "code": "CRI",
              "display": "Costa Rica"
          },
          {
              "system": "http://uk-koeln.de/fhir/CodeSystem/nngm/countrycodes",
              "code": "CIV",
              "display": "Côte d’Ivoire (Elfenbeinküste)"
          },
          {
              "system": "http://uk-koeln.de/fhir/CodeSystem/nngm/countrycodes",
              "code": "CUW",
              "display": "Curaçao"
          },
          {
              "system": "http://uk-koeln.de/fhir/CodeSystem/nngm/countrycodes",
              "code": "DNK",
              "display": "Dänemark"
          },
          {
              "system": "http://uk-koeln.de/fhir/CodeSystem/nngm/countrycodes",
              "code": "DEU",
              "display": "Deutschland"
          },
          {
              "system": "http://uk-koeln.de/fhir/CodeSystem/nngm/countrycodes",
              "code": "DGA",
              "display": "Diego Garcia (reserviert für ITU)"
          },
          {
              "system": "http://uk-koeln.de/fhir/CodeSystem/nngm/countrycodes",
              "code": "DMA",
              "display": "Dominica"
          },
          {
              "system": "http://uk-koeln.de/fhir/CodeSystem/nngm/countrycodes",
              "code": "DOM",
              "display": "Dominikanische Republik"
          },
          {
              "system": "http://uk-koeln.de/fhir/CodeSystem/nngm/countrycodes",
              "code": "DJI",
              "display": "Dschibuti"
          },
          {
              "system": "http://uk-koeln.de/fhir/CodeSystem/nngm/countrycodes",
              "code": "ECU",
              "display": "Ecuador"
          },
          {
              "system": "http://uk-koeln.de/fhir/CodeSystem/nngm/countrycodes",
              "code": "SLV",
              "display": "El Salvador"
          },
          {
              "system": "http://uk-koeln.de/fhir/CodeSystem/nngm/countrycodes",
              "code": "ERI",
              "display": "Eritrea"
          },
          {
              "system": "http://uk-koeln.de/fhir/CodeSystem/nngm/countrycodes",
              "code": "EST",
              "display": "Estland"
          },
          {
              "system": "http://uk-koeln.de/fhir/CodeSystem/nngm/countrycodes",
              "code": "FLK",
              "display": "Falklandinseln"
          },
          {
              "system": "http://uk-koeln.de/fhir/CodeSystem/nngm/countrycodes",
              "code": "FRO",
              "display": "Färöer"
          },
          {
              "system": "http://uk-koeln.de/fhir/CodeSystem/nngm/countrycodes",
              "code": "FJI",
              "display": "Fidschi"
          },
          {
              "system": "http://uk-koeln.de/fhir/CodeSystem/nngm/countrycodes",
              "code": "FIN",
              "display": "Finnland"
          },
          {
              "system": "http://uk-koeln.de/fhir/CodeSystem/nngm/countrycodes",
              "code": "FRA",
              "display": "Frankreich"
          },
          {
              "system": "http://uk-koeln.de/fhir/CodeSystem/nngm/countrycodes",
              "code": "FXX",
              "display": "Frankreich"
          },
          {
              "system": "http://uk-koeln.de/fhir/CodeSystem/nngm/countrycodes",
              "code": "GUF",
              "display": "Französisch-Guayana"
          },
          {
              "system": "http://uk-koeln.de/fhir/CodeSystem/nngm/countrycodes",
              "code": "PYF",
              "display": "Französisch-Polynesien"
          },
          {
              "system": "http://uk-koeln.de/fhir/CodeSystem/nngm/countrycodes",
              "code": "ATF",
              "display": "Französische Süd- und Antarktisgebiete"
          },
          {
              "system": "http://uk-koeln.de/fhir/CodeSystem/nngm/countrycodes",
              "code": "GAB",
              "display": "Gabun"
          },
          {
              "system": "http://uk-koeln.de/fhir/CodeSystem/nngm/countrycodes",
              "code": "GMB",
              "display": "Gambia"
          },
          {
              "system": "http://uk-koeln.de/fhir/CodeSystem/nngm/countrycodes",
              "code": "GEO",
              "display": "Georgien"
          },
          {
              "system": "http://uk-koeln.de/fhir/CodeSystem/nngm/countrycodes",
              "code": "GHA",
              "display": "Ghana"
          },
          {
              "system": "http://uk-koeln.de/fhir/CodeSystem/nngm/countrycodes",
              "code": "GIB",
              "display": "Gibraltar"
          },
          {
              "system": "http://uk-koeln.de/fhir/CodeSystem/nngm/countrycodes",
              "code": "GRD",
              "display": "Grenada"
          },
          {
              "system": "http://uk-koeln.de/fhir/CodeSystem/nngm/countrycodes",
              "code": "GRC",
              "display": "Griechenland"
          },
          {
              "system": "http://uk-koeln.de/fhir/CodeSystem/nngm/countrycodes",
              "code": "GRL",
              "display": "Grönland"
          },
          {
              "system": "http://uk-koeln.de/fhir/CodeSystem/nngm/countrycodes",
              "code": "GLP",
              "display": "Guadeloupe"
          },
          {
              "system": "http://uk-koeln.de/fhir/CodeSystem/nngm/countrycodes",
              "code": "GUM",
              "display": "Guam"
          },
          {
              "system": "http://uk-koeln.de/fhir/CodeSystem/nngm/countrycodes",
              "code": "GTM",
              "display": "Guatemala"
          },
          {
              "system": "http://uk-koeln.de/fhir/CodeSystem/nngm/countrycodes",
              "code": "GGY",
              "display": "Guernsey (Kanalinsel)"
          },
          {
              "system": "http://uk-koeln.de/fhir/CodeSystem/nngm/countrycodes",
              "code": "GIN",
              "display": "Guinea"
          },
          {
              "system": "http://uk-koeln.de/fhir/CodeSystem/nngm/countrycodes",
              "code": "GNB",
              "display": "Guinea-Bissau"
          },
          {
              "system": "http://uk-koeln.de/fhir/CodeSystem/nngm/countrycodes",
              "code": "GUY",
              "display": "Guyana"
          },
          {
              "system": "http://uk-koeln.de/fhir/CodeSystem/nngm/countrycodes",
              "code": "HTI",
              "display": "Haiti"
          },
          {
              "system": "http://uk-koeln.de/fhir/CodeSystem/nngm/countrycodes",
              "code": "HMD",
              "display": "Heard und McDonaldinseln"
          },
          {
              "system": "http://uk-koeln.de/fhir/CodeSystem/nngm/countrycodes",
              "code": "HND",
              "display": "Honduras"
          },
          {
              "system": "http://uk-koeln.de/fhir/CodeSystem/nngm/countrycodes",
              "code": "HKG",
              "display": "Hongkong"
          },
          {
              "system": "http://uk-koeln.de/fhir/CodeSystem/nngm/countrycodes",
              "code": "IND",
              "display": "Indien"
          },
          {
              "system": "http://uk-koeln.de/fhir/CodeSystem/nngm/countrycodes",
              "code": "IDN",
              "display": "Indonesien"
          },
          {
              "system": "http://uk-koeln.de/fhir/CodeSystem/nngm/countrycodes",
              "code": "IMN",
              "display": "Insel Man"
          },
          {
              "system": "http://uk-koeln.de/fhir/CodeSystem/nngm/countrycodes",
              "code": "IRQ",
              "display": "Irak"
          },
          {
              "system": "http://uk-koeln.de/fhir/CodeSystem/nngm/countrycodes",
              "code": "IRN",
              "display": "Iran"
          },
          {
              "system": "http://uk-koeln.de/fhir/CodeSystem/nngm/countrycodes",
              "code": "IRL",
              "display": "Irland"
          },
          {
              "system": "http://uk-koeln.de/fhir/CodeSystem/nngm/countrycodes",
              "code": "ISL",
              "display": "Island"
          },
          {
              "system": "http://uk-koeln.de/fhir/CodeSystem/nngm/countrycodes",
              "code": "ISR",
              "display": "Israel"
          },
          {
              "system": "http://uk-koeln.de/fhir/CodeSystem/nngm/countrycodes",
              "code": "ITA",
              "display": "Italien"
          },
          {
              "system": "http://uk-koeln.de/fhir/CodeSystem/nngm/countrycodes",
              "code": "JAM",
              "display": "Jamaika"
          },
          {
              "system": "http://uk-koeln.de/fhir/CodeSystem/nngm/countrycodes",
              "code": "JPN",
              "display": "Japan"
          },
          {
              "system": "http://uk-koeln.de/fhir/CodeSystem/nngm/countrycodes",
              "code": "YEM",
              "display": "Jemen"
          },
          {
              "system": "http://uk-koeln.de/fhir/CodeSystem/nngm/countrycodes",
              "code": "JEY",
              "display": "Jersey (Kanalinsel)"
          },
          {
              "system": "http://uk-koeln.de/fhir/CodeSystem/nngm/countrycodes",
              "code": "JOR",
              "display": "Jordanien"
          },
          {
              "system": "http://uk-koeln.de/fhir/CodeSystem/nngm/countrycodes",
              "code": "CYM",
              "display": "Kaimaninseln"
          },
          {
              "system": "http://uk-koeln.de/fhir/CodeSystem/nngm/countrycodes",
              "code": "KHM",
              "display": "Kambodscha"
          },
          {
              "system": "http://uk-koeln.de/fhir/CodeSystem/nngm/countrycodes",
              "code": "CMR",
              "display": "Kamerun"
          },
          {
              "system": "http://uk-koeln.de/fhir/CodeSystem/nngm/countrycodes",
              "code": "CAN",
              "display": "Kanada"
          },
          {
              "system": "http://uk-koeln.de/fhir/CodeSystem/nngm/countrycodes",
              "code": "CPV",
              "display": "Kap Verde"
          },
          {
              "system": "http://uk-koeln.de/fhir/CodeSystem/nngm/countrycodes",
              "code": "KAZ",
              "display": "Kasachstan"
          },
          {
              "system": "http://uk-koeln.de/fhir/CodeSystem/nngm/countrycodes",
              "code": "QAT",
              "display": "Katar"
          },
          {
              "system": "http://uk-koeln.de/fhir/CodeSystem/nngm/countrycodes",
              "code": "KEN",
              "display": "Kenia"
          },
          {
              "system": "http://uk-koeln.de/fhir/CodeSystem/nngm/countrycodes",
              "code": "KGZ",
              "display": "Kirgisistan"
          },
          {
              "system": "http://uk-koeln.de/fhir/CodeSystem/nngm/countrycodes",
              "code": "KIR",
              "display": "Kiribati"
          },
          {
              "system": "http://uk-koeln.de/fhir/CodeSystem/nngm/countrycodes",
              "code": "CCK",
              "display": "Kokosinseln"
          },
          {
              "system": "http://uk-koeln.de/fhir/CodeSystem/nngm/countrycodes",
              "code": "COL",
              "display": "Kolumbien"
          },
          {
              "system": "http://uk-koeln.de/fhir/CodeSystem/nngm/countrycodes",
              "code": "COM",
              "display": "Komoren"
          },
          {
              "system": "http://uk-koeln.de/fhir/CodeSystem/nngm/countrycodes",
              "code": "COD",
              "display": "Kongo"
          },
          {
              "system": "http://uk-koeln.de/fhir/CodeSystem/nngm/countrycodes",
              "code": "COG",
              "display": "Republik Kongo"
          },
          {
              "system": "http://uk-koeln.de/fhir/CodeSystem/nngm/countrycodes",
              "code": "PRK",
              "display": "Korea"
          },
          {
              "system": "http://uk-koeln.de/fhir/CodeSystem/nngm/countrycodes",
              "code": "KOR",
              "display": "Korea"
          },
          {
              "system": "http://uk-koeln.de/fhir/CodeSystem/nngm/countrycodes",
              "code": "HRV",
              "display": "Kroatien"
          },
          {
              "system": "http://uk-koeln.de/fhir/CodeSystem/nngm/countrycodes",
              "code": "CUB",
              "display": "Kuba"
          },
          {
              "system": "http://uk-koeln.de/fhir/CodeSystem/nngm/countrycodes",
              "code": "KWT",
              "display": "Kuwait"
          },
          {
              "system": "http://uk-koeln.de/fhir/CodeSystem/nngm/countrycodes",
              "code": "LAO",
              "display": "Laos"
          },
          {
              "system": "http://uk-koeln.de/fhir/CodeSystem/nngm/countrycodes",
              "code": "LSO",
              "display": "Lesotho"
          },
          {
              "system": "http://uk-koeln.de/fhir/CodeSystem/nngm/countrycodes",
              "code": "LVA",
              "display": "Lettland"
          },
          {
              "system": "http://uk-koeln.de/fhir/CodeSystem/nngm/countrycodes",
              "code": "LBN",
              "display": "Libanon"
          },
          {
              "system": "http://uk-koeln.de/fhir/CodeSystem/nngm/countrycodes",
              "code": "LBR",
              "display": "Liberia"
          },
          {
              "system": "http://uk-koeln.de/fhir/CodeSystem/nngm/countrycodes",
              "code": "LBY",
              "display": "Libyen"
          },
          {
              "system": "http://uk-koeln.de/fhir/CodeSystem/nngm/countrycodes",
              "code": "LIE",
              "display": "Liechtenstein"
          },
          {
              "system": "http://uk-koeln.de/fhir/CodeSystem/nngm/countrycodes",
              "code": "LTU",
              "display": "Litauen"
          },
          {
              "system": "http://uk-koeln.de/fhir/CodeSystem/nngm/countrycodes",
              "code": "LUX",
              "display": "Luxemburg"
          },
          {
              "system": "http://uk-koeln.de/fhir/CodeSystem/nngm/countrycodes",
              "code": "MAC",
              "display": "Macau"
          },
          {
              "system": "http://uk-koeln.de/fhir/CodeSystem/nngm/countrycodes",
              "code": "MDG",
              "display": "Madagaskar"
          },
          {
              "system": "http://uk-koeln.de/fhir/CodeSystem/nngm/countrycodes",
              "code": "MWI",
              "display": "Malawi"
          },
          {
              "system": "http://uk-koeln.de/fhir/CodeSystem/nngm/countrycodes",
              "code": "MYS",
              "display": "Malaysia"
          },
          {
              "system": "http://uk-koeln.de/fhir/CodeSystem/nngm/countrycodes",
              "code": "MDV",
              "display": "Malediven"
          },
          {
              "system": "http://uk-koeln.de/fhir/CodeSystem/nngm/countrycodes",
              "code": "MLI",
              "display": "Mali"
          },
          {
              "system": "http://uk-koeln.de/fhir/CodeSystem/nngm/countrycodes",
              "code": "MLT",
              "display": "Malta"
          },
          {
              "system": "http://uk-koeln.de/fhir/CodeSystem/nngm/countrycodes",
              "code": "MAR",
              "display": "Marokko"
          },
          {
              "system": "http://uk-koeln.de/fhir/CodeSystem/nngm/countrycodes",
              "code": "MHL",
              "display": "Marshallinseln"
          },
          {
              "system": "http://uk-koeln.de/fhir/CodeSystem/nngm/countrycodes",
              "code": "MTQ",
              "display": "Martinique"
          },
          {
              "system": "http://uk-koeln.de/fhir/CodeSystem/nngm/countrycodes",
              "code": "MRT",
              "display": "Mauretanien"
          },
          {
              "system": "http://uk-koeln.de/fhir/CodeSystem/nngm/countrycodes",
              "code": "MUS",
              "display": "Mauritius"
          },
          {
              "system": "http://uk-koeln.de/fhir/CodeSystem/nngm/countrycodes",
              "code": "MYT",
              "display": "Mayotte"
          },
          {
              "system": "http://uk-koeln.de/fhir/CodeSystem/nngm/countrycodes",
              "code": "MKD",
              "display": "Mazedonien"
          },
          {
              "system": "http://uk-koeln.de/fhir/CodeSystem/nngm/countrycodes",
              "code": "MEX",
              "display": "Mexiko"
          },
          {
              "system": "http://uk-koeln.de/fhir/CodeSystem/nngm/countrycodes",
              "code": "FSM",
              "display": "Mikronesien"
          },
          {
              "system": "http://uk-koeln.de/fhir/CodeSystem/nngm/countrycodes",
              "code": "MDA",
              "display": "Moldawien (Republik Moldau)"
          },
          {
              "system": "http://uk-koeln.de/fhir/CodeSystem/nngm/countrycodes",
              "code": "MCO",
              "display": "Monaco"
          },
          {
              "system": "http://uk-koeln.de/fhir/CodeSystem/nngm/countrycodes",
              "code": "MNG",
              "display": "Mongolei"
          },
          {
              "system": "http://uk-koeln.de/fhir/CodeSystem/nngm/countrycodes",
              "code": "MNE",
              "display": "Montenegro"
          },
          {
              "system": "http://uk-koeln.de/fhir/CodeSystem/nngm/countrycodes",
              "code": "MSR",
              "display": "Montserrat"
          },
          {
              "system": "http://uk-koeln.de/fhir/CodeSystem/nngm/countrycodes",
              "code": "MOZ",
              "display": "Mosambik"
          },
          {
              "system": "http://uk-koeln.de/fhir/CodeSystem/nngm/countrycodes",
              "code": "MMR",
              "display": "Myanmar (Burma)"
          },
          {
              "system": "http://uk-koeln.de/fhir/CodeSystem/nngm/countrycodes",
              "code": "NAM",
              "display": "Namibia"
          },
          {
              "system": "http://uk-koeln.de/fhir/CodeSystem/nngm/countrycodes",
              "code": "NRU",
              "display": "Nauru"
          },
          {
              "system": "http://uk-koeln.de/fhir/CodeSystem/nngm/countrycodes",
              "code": "NPL",
              "display": "Nepal"
          },
          {
              "system": "http://uk-koeln.de/fhir/CodeSystem/nngm/countrycodes",
              "code": "NCL",
              "display": "Neukaledonien"
          },
          {
              "system": "http://uk-koeln.de/fhir/CodeSystem/nngm/countrycodes",
              "code": "NZL",
              "display": "Neuseeland"
          },
          {
              "system": "http://uk-koeln.de/fhir/CodeSystem/nngm/countrycodes",
              "code": "NIC",
              "display": "Nicaragua"
          },
          {
              "system": "http://uk-koeln.de/fhir/CodeSystem/nngm/countrycodes",
              "code": "NLD",
              "display": "Niederlande"
          },
          {
              "system": "http://uk-koeln.de/fhir/CodeSystem/nngm/countrycodes",
              "code": "ANT",
              "display": "Niederländische Antillen (ehemalig)"
          },
          {
              "system": "http://uk-koeln.de/fhir/CodeSystem/nngm/countrycodes",
              "code": "NER",
              "display": "Niger"
          },
          {
              "system": "http://uk-koeln.de/fhir/CodeSystem/nngm/countrycodes",
              "code": "NGA",
              "display": "Nigeria"
          },
          {
              "system": "http://uk-koeln.de/fhir/CodeSystem/nngm/countrycodes",
              "code": "NIU",
              "display": "Niue"
          },
          {
              "system": "http://uk-koeln.de/fhir/CodeSystem/nngm/countrycodes",
              "code": "MNP",
              "display": "Nördliche Marianen"
          },
          {
              "system": "http://uk-koeln.de/fhir/CodeSystem/nngm/countrycodes",
              "code": "NFK",
              "display": "Norfolkinsel"
          },
          {
              "system": "http://uk-koeln.de/fhir/CodeSystem/nngm/countrycodes",
              "code": "NOR",
              "display": "Norwegen"
          },
          {
              "system": "http://uk-koeln.de/fhir/CodeSystem/nngm/countrycodes",
              "code": "OMN",
              "display": "Oman"
          },
          {
              "system": "http://uk-koeln.de/fhir/CodeSystem/nngm/countrycodes",
              "code": "AUT",
              "display": "Österreich"
          },
          {
              "system": "http://uk-koeln.de/fhir/CodeSystem/nngm/countrycodes",
              "code": "PAK",
              "display": "Pakistan"
          },
          {
              "system": "http://uk-koeln.de/fhir/CodeSystem/nngm/countrycodes",
              "code": "PSE",
              "display": "Staat Palästina[5]"
          },
          {
              "system": "http://uk-koeln.de/fhir/CodeSystem/nngm/countrycodes",
              "code": "PLW",
              "display": "Palau"
          },
          {
              "system": "http://uk-koeln.de/fhir/CodeSystem/nngm/countrycodes",
              "code": "PAN",
              "display": "Panama"
          },
          {
              "system": "http://uk-koeln.de/fhir/CodeSystem/nngm/countrycodes",
              "code": "PNG",
              "display": "Papua-Neuguinea"
          },
          {
              "system": "http://uk-koeln.de/fhir/CodeSystem/nngm/countrycodes",
              "code": "PRY",
              "display": "Paraguay"
          },
          {
              "system": "http://uk-koeln.de/fhir/CodeSystem/nngm/countrycodes",
              "code": "PER",
              "display": "Peru"
          },
          {
              "system": "http://uk-koeln.de/fhir/CodeSystem/nngm/countrycodes",
              "code": "PHL",
              "display": "Philippinen"
          },
          {
              "system": "http://uk-koeln.de/fhir/CodeSystem/nngm/countrycodes",
              "code": "PCN",
              "display": "Pitcairninseln"
          },
          {
              "system": "http://uk-koeln.de/fhir/CodeSystem/nngm/countrycodes",
              "code": "POL",
              "display": "Polen"
          },
          {
              "system": "http://uk-koeln.de/fhir/CodeSystem/nngm/countrycodes",
              "code": "PRT",
              "display": "Portugal"
          },
          {
              "system": "http://uk-koeln.de/fhir/CodeSystem/nngm/countrycodes",
              "code": "PRI",
              "display": "Puerto Rico"
          },
          {
              "system": "http://uk-koeln.de/fhir/CodeSystem/nngm/countrycodes",
              "code": "REU",
              "display": "Réunion"
          },
          {
              "system": "http://uk-koeln.de/fhir/CodeSystem/nngm/countrycodes",
              "code": "RWA",
              "display": "Ruanda"
          },
          {
              "system": "http://uk-koeln.de/fhir/CodeSystem/nngm/countrycodes",
              "code": "ROU",
              "display": "Rumänien"
          },
          {
              "system": "http://uk-koeln.de/fhir/CodeSystem/nngm/countrycodes",
              "code": "RUS",
              "display": "Russische Föderation"
          },
          {
              "system": "http://uk-koeln.de/fhir/CodeSystem/nngm/countrycodes",
              "code": "SLB",
              "display": "Salomonen"
          },
          {
              "system": "http://uk-koeln.de/fhir/CodeSystem/nngm/countrycodes",
              "code": "BLM",
              "display": "Saint-Barthélemy"
          },
          {
              "system": "http://uk-koeln.de/fhir/CodeSystem/nngm/countrycodes",
              "code": "MAF",
              "display": "Saint-Martin (franz. Teil)"
          },
          {
              "system": "http://uk-koeln.de/fhir/CodeSystem/nngm/countrycodes",
              "code": "ZMB",
              "display": "Sambia"
          },
          {
              "system": "http://uk-koeln.de/fhir/CodeSystem/nngm/countrycodes",
              "code": "WSM",
              "display": "Samoa"
          },
          {
              "system": "http://uk-koeln.de/fhir/CodeSystem/nngm/countrycodes",
              "code": "SMR",
              "display": "San Marino"
          },
          {
              "system": "http://uk-koeln.de/fhir/CodeSystem/nngm/countrycodes",
              "code": "STP",
              "display": "São Tomé und Príncipe"
          },
          {
              "system": "http://uk-koeln.de/fhir/CodeSystem/nngm/countrycodes",
              "code": "SAU",
              "display": "Saudi-Arabien"
          },
          {
              "system": "http://uk-koeln.de/fhir/CodeSystem/nngm/countrycodes",
              "code": "SWE",
              "display": "Schweden"
          },
          {
              "system": "http://uk-koeln.de/fhir/CodeSystem/nngm/countrycodes",
              "code": "CHE",
              "display": "Schweiz (Confoederatio Helvetica)"
          },
          {
              "system": "http://uk-koeln.de/fhir/CodeSystem/nngm/countrycodes",
              "code": "SEN",
              "display": "Senegal"
          },
          {
              "system": "http://uk-koeln.de/fhir/CodeSystem/nngm/countrycodes",
              "code": "SRB",
              "display": "Serbien"
          },
          {
              "system": "http://uk-koeln.de/fhir/CodeSystem/nngm/countrycodes",
              "code": "SYC",
              "display": "Seychellen"
          },
          {
              "system": "http://uk-koeln.de/fhir/CodeSystem/nngm/countrycodes",
              "code": "SLE",
              "display": "Sierra Leone"
          },
          {
              "system": "http://uk-koeln.de/fhir/CodeSystem/nngm/countrycodes",
              "code": "ZWE",
              "display": "Simbabwe"
          },
          {
              "system": "http://uk-koeln.de/fhir/CodeSystem/nngm/countrycodes",
              "code": "SGP",
              "display": "Singapur"
          },
          {
              "system": "http://uk-koeln.de/fhir/CodeSystem/nngm/countrycodes",
              "code": "SXM",
              "display": "Sint Maarten (niederl. Teil)"
          },
          {
              "system": "http://uk-koeln.de/fhir/CodeSystem/nngm/countrycodes",
              "code": "SVK",
              "display": "Slowakei"
          },
          {
              "system": "http://uk-koeln.de/fhir/CodeSystem/nngm/countrycodes",
              "code": "SVN",
              "display": "Slowenien"
          },
          {
              "system": "http://uk-koeln.de/fhir/CodeSystem/nngm/countrycodes",
              "code": "SOM",
              "display": "Somalia"
          },
          {
              "system": "http://uk-koeln.de/fhir/CodeSystem/nngm/countrycodes",
              "code": "ESP",
              "display": "Spanien"
          },
          {
              "system": "http://uk-koeln.de/fhir/CodeSystem/nngm/countrycodes",
              "code": "LKA",
              "display": "Sri Lanka"
          },
          {
              "system": "http://uk-koeln.de/fhir/CodeSystem/nngm/countrycodes",
              "code": "SHN",
              "display": "St. Helena"
          },
          {
              "system": "http://uk-koeln.de/fhir/CodeSystem/nngm/countrycodes",
              "code": "KNA",
              "display": "St. Kitts und Nevis"
          },
          {
              "system": "http://uk-koeln.de/fhir/CodeSystem/nngm/countrycodes",
              "code": "LCA",
              "display": "St. Lucia"
          },
          {
              "system": "http://uk-koeln.de/fhir/CodeSystem/nngm/countrycodes",
              "code": "SPM",
              "display": "Saint-Pierre und Miquelon"
          },
          {
              "system": "http://uk-koeln.de/fhir/CodeSystem/nngm/countrycodes",
              "code": "VCT",
              "display": "St. Vincent und die Grenadinen"
          },
          {
              "system": "http://uk-koeln.de/fhir/CodeSystem/nngm/countrycodes",
              "code": "ZAF",
              "display": "Südafrika"
          },
          {
              "system": "http://uk-koeln.de/fhir/CodeSystem/nngm/countrycodes",
              "code": "SDN",
              "display": "Sudan"
          },
          {
              "system": "http://uk-koeln.de/fhir/CodeSystem/nngm/countrycodes",
              "code": "SGS",
              "display": "Südgeorgien und die Südlichen Sandwichinseln"
          },
          {
              "system": "http://uk-koeln.de/fhir/CodeSystem/nngm/countrycodes",
              "code": "SSD",
              "display": "Südsudan"
          },
          {
              "system": "http://uk-koeln.de/fhir/CodeSystem/nngm/countrycodes",
              "code": "SUR",
              "display": "Suriname"
          },
          {
              "system": "http://uk-koeln.de/fhir/CodeSystem/nngm/countrycodes",
              "code": "SJM",
              "display": "Svalbard und Jan Mayen"
          },
          {
              "system": "http://uk-koeln.de/fhir/CodeSystem/nngm/countrycodes",
              "code": "SWZ",
              "display": "Swasiland"
          },
          {
              "system": "http://uk-koeln.de/fhir/CodeSystem/nngm/countrycodes",
              "code": "SYR",
              "display": "Syrien"
          },
          {
              "system": "http://uk-koeln.de/fhir/CodeSystem/nngm/countrycodes",
              "code": "TJK",
              "display": "Tadschikistan"
          },
          {
              "system": "http://uk-koeln.de/fhir/CodeSystem/nngm/countrycodes",
              "code": "TWN",
              "display": "Republik China (Taiwan)"
          },
          {
              "system": "http://uk-koeln.de/fhir/CodeSystem/nngm/countrycodes",
              "code": "TZA",
              "display": "Tansania"
          },
          {
              "system": "http://uk-koeln.de/fhir/CodeSystem/nngm/countrycodes",
              "code": "THA",
              "display": "Thailand"
          },
          {
              "system": "http://uk-koeln.de/fhir/CodeSystem/nngm/countrycodes",
              "code": "TGO",
              "display": "Togo"
          },
          {
              "system": "http://uk-koeln.de/fhir/CodeSystem/nngm/countrycodes",
              "code": "TKL",
              "display": "Tokelau"
          },
          {
              "system": "http://uk-koeln.de/fhir/CodeSystem/nngm/countrycodes",
              "code": "TON",
              "display": "Tonga"
          },
          {
              "system": "http://uk-koeln.de/fhir/CodeSystem/nngm/countrycodes",
              "code": "TTO",
              "display": "Trinidad und Tobago"
          },
          {
              "system": "http://uk-koeln.de/fhir/CodeSystem/nngm/countrycodes",
              "code": "TAA",
              "display": "Tristan da Cunha (verwaltet von St. Helena"
          },
          {
              "system": "http://uk-koeln.de/fhir/CodeSystem/nngm/countrycodes",
              "code": "TCD",
              "display": "Tschad"
          },
          {
              "system": "http://uk-koeln.de/fhir/CodeSystem/nngm/countrycodes",
              "code": "CZE",
              "display": "Tschechische Republik"
          },
          {
              "system": "http://uk-koeln.de/fhir/CodeSystem/nngm/countrycodes",
              "code": "TUN",
              "display": "Tunesien"
          },
          {
              "system": "http://uk-koeln.de/fhir/CodeSystem/nngm/countrycodes",
              "code": "TUR",
              "display": "Türkei"
          },
          {
              "system": "http://uk-koeln.de/fhir/CodeSystem/nngm/countrycodes",
              "code": "TKM",
              "display": "Turkmenistan"
          },
          {
              "system": "http://uk-koeln.de/fhir/CodeSystem/nngm/countrycodes",
              "code": "TCA",
              "display": "Turks- und Caicosinseln"
          },
          {
              "system": "http://uk-koeln.de/fhir/CodeSystem/nngm/countrycodes",
              "code": "TUV",
              "display": "Tuvalu"
          },
          {
              "system": "http://uk-koeln.de/fhir/CodeSystem/nngm/countrycodes",
              "code": "UGA",
              "display": "Uganda"
          },
          {
              "system": "http://uk-koeln.de/fhir/CodeSystem/nngm/countrycodes",
              "code": "UKR",
              "display": "Ukraine"
          },
          {
              "system": "http://uk-koeln.de/fhir/CodeSystem/nngm/countrycodes",
              "code": "HUN",
              "display": "Ungarn"
          },
          {
              "system": "http://uk-koeln.de/fhir/CodeSystem/nngm/countrycodes",
              "code": "UMI",
              "display": "United States Minor Outlying Islands"
          },
          {
              "system": "http://uk-koeln.de/fhir/CodeSystem/nngm/countrycodes",
              "code": "URY",
              "display": "Uruguay"
          },
          {
              "system": "http://uk-koeln.de/fhir/CodeSystem/nngm/countrycodes",
              "code": "UZB",
              "display": "Usbekistan"
          },
          {
              "system": "http://uk-koeln.de/fhir/CodeSystem/nngm/countrycodes",
              "code": "VUT",
              "display": "Vanuatu"
          },
          {
              "system": "http://uk-koeln.de/fhir/CodeSystem/nngm/countrycodes",
              "code": "VAT",
              "display": "Vatikanstadt"
          },
          {
              "system": "http://uk-koeln.de/fhir/CodeSystem/nngm/countrycodes",
              "code": "VEN",
              "display": "Venezuela"
          },
          {
              "system": "http://uk-koeln.de/fhir/CodeSystem/nngm/countrycodes",
              "code": "ARE",
              "display": "Vereinigte Arabische Emirate"
          },
          {
              "system": "http://uk-koeln.de/fhir/CodeSystem/nngm/countrycodes",
              "code": "USA",
              "display": "Vereinigte Staaten von Amerika"
          },
          {
              "system": "http://uk-koeln.de/fhir/CodeSystem/nngm/countrycodes",
              "code": "GBR",
              "display": "Vereinigtes Königreich Großbritannien und Nordirland"
          },
          {
              "system": "http://uk-koeln.de/fhir/CodeSystem/nngm/countrycodes",
              "code": "VNM",
              "display": "Vietnam"
          },
          {
              "system": "http://uk-koeln.de/fhir/CodeSystem/nngm/countrycodes",
              "code": "WLF",
              "display": "Wallis und Futuna"
          },
          {
              "system": "http://uk-koeln.de/fhir/CodeSystem/nngm/countrycodes",
              "code": "CXR",
              "display": "Weihnachtsinsel"
          },
          {
              "system": "http://uk-koeln.de/fhir/CodeSystem/nngm/countrycodes",
              "code": "ESH",
              "display": "Westsahara"
          },
          {
              "system": "http://uk-koeln.de/fhir/CodeSystem/nngm/countrycodes",
              "code": "CAF",
              "display": "Zentralafrikanische Republik"
          },
          {
              "system": "http://uk-koeln.de/fhir/CodeSystem/nngm/countrycodes",
              "code": "CYP",
              "display": "Zypern"
          }
      ]
  }
}